Darts, # proc, pi, time, error
100,128,3.15,0.818174,0.00840735
